{
  "model": "cnn_transformer",
  "macro_auc": 0.9263525840692056,
  "macro_f1": 0.7381968669187149,
  "macro_auprc": 0.8080703081901142,
  "weighted_f1": 0.7711450165077227,
  "accuracy": 0.7602365787079163,
  "sensitivity": 0.7958808230454644,
  "specificity": 0.8874191149920856,
  "n_params": 3729349,
  "n_trainable": 3729349,
  "inference_time_ms": 0.42660484079158667,
  "training_time_minutes": 48.3338744521141,
  "auc_per_class": [
    0.947858202900013,
    0.931635039717564,
    0.9364820732767078,
    0.9168222394905423,
    0.898965364961201
  ],
  "f1_per_class": [
    0.8553580009610764,
    0.7436570428696413,
    0.7631814119749777,
    0.7454545454545455,
    0.5833333333333334
  ],
  "precision_per_class": [
    0.7960644007155635,
    0.7166947723440135,
    0.6965742251223491,
    0.7469635627530364,
    0.5027624309392266
  ],
  "recall_per_class": [
    0.9241952232606438,
    0.7727272727272727,
    0.8438735177865613,
    0.7439516129032258,
    0.6946564885496184
  ],
  "specificity_per_class": [
    0.8153846153846154,
    0.8980582524271845,
    0.8900709219858156,
    0.9265569917743831,
    0.9070247933884298
  ],
  "auprc_per_class": [
    0.9238600832661255,
    0.8377395464547781,
    0.8098611549094507,
    0.8295727162021118,
    0.6393180401181046
  ],
  "optimal_threshold_per_class": [
    0.5199999999999998,
    0.6299999999999997,
    0.7199999999999996,
    0.6399999999999997,
    0.7199999999999996
  ]
}