{
  "model": "patchtst",
  "macro_auc": 0.9100035279900703,
  "macro_f1": 0.7099292260414833,
  "macro_auprc": 0.772849465471009,
  "weighted_f1": 0.7452377612573677,
  "accuracy": 0.7402183803457689,
  "sensitivity": 0.7458366426713173,
  "specificity": 0.8939015694713313,
  "n_params": 819589,
  "n_trainable": 819589,
  "inference_time_ms": 0.7051175158433239,
  "training_time_minutes": 122.08867654800414,
  "auc_per_class": [
    0.9364746637742211,
    0.911963812886143,
    0.9268225735617039,
    0.8975090974565028,
    0.877247492271781
  ],
  "f1_per_class": [
    0.8474923234390993,
    0.7251063829787234,
    0.7242718446601941,
    0.6832174776564052,
    0.5695581014729951
  ],
  "precision_per_class": [
    0.8355196770938446,
    0.6816,
    0.7118320610687023,
    0.6731898238747553,
    0.498567335243553
  ],
  "recall_per_class": [
    0.8598130841121495,
    0.7745454545454545,
    0.7371541501976284,
    0.6935483870967742,
    0.6641221374045801
  ],
  "specificity_per_class": [
    0.8680161943319838,
    0.879247572815534,
    0.9107565011820331,
    0.9018801410105758,
    0.9096074380165289
  ],
  "auprc_per_class": [
    0.9019028657915341,
    0.7963952340466737,
    0.7944256230982453,
    0.7844800568999707,
    0.5870435475186212
  ],
  "optimal_threshold_per_class": [
    0.6299999999999997,
    0.5199999999999998,
    0.7699999999999997,
    0.7599999999999997,
    0.5699999999999997
  ]
}