{
  "model": "resnet1d",
  "macro_auc": 0.9257753669380906,
  "macro_f1": 0.7408880084082288,
  "macro_auprc": 0.8141320436501382,
  "weighted_f1": 0.7746776866776407,
  "accuracy": 0.7643312101910829,
  "sensitivity": 0.7798417151170447,
  "specificity": 0.8987890310777129,
  "n_params": 8914053,
  "n_trainable": 8914053,
  "inference_time_ms": 0.23472949387850583,
  "training_time_minutes": 57.58251355489095,
  "auc_per_class": [
    0.9509326875780393,
    0.9297451456310679,
    0.9354145058354124,
    0.9094660930214926,
    0.9033184026244401
  ],
  "f1_per_class": [
    0.8621190130624092,
    0.7456382001836547,
    0.7567567567567568,
    0.756319514661274,
    0.5836065573770491
  ],
  "precision_per_class": [
    0.8070652173913043,
    0.7532467532467533,
    0.7160493827160493,
    0.7586206896551724,
    0.5114942528735632
  ],
  "recall_per_class": [
    0.9252336448598131,
    0.7381818181818182,
    0.8023715415019763,
    0.7540322580645161,
    0.6793893129770993
  ],
  "specificity_per_class": [
    0.8275303643724696,
    0.9192961165048543,
    0.9048463356973995,
    0.9300822561692127,
    0.9121900826446281
  ],
  "auprc_per_class": [
    0.9296161652564496,
    0.8382965266330666,
    0.8217095038024339,
    0.8247789845560156,
    0.6562590380027256
  ],
  "optimal_threshold_per_class": [
    0.6599999999999997,
    0.5299999999999998,
    0.5699999999999997,
    0.6399999999999997,
    0.7599999999999997
  ]
}